Origen,Cantidad,Accuracy,Accuracy_porcentaje,Loss_clasificacion
v1,205,0.9560975609756097,95.60975609756098,0.102733314037323
v2,461,0.9934924078091106,99.34924078091106,0.02137952856719494
