Origen,Cantidad,Accuracy,Accuracy_porcentaje,Loss_clasificacion
v1,205,0.9463414634146341,94.6341463414634,0.14034539461135864
v2,461,1.0,100.0,0.0016813086112961173
