Origen,Cantidad,Accuracy,Accuracy_porcentaje,Loss_clasificacion
v1,206,0.9757281553398058,97.57281553398059,0.09531476348638535
v2,460,0.9978260869565218,99.78260869565217,0.0065558901987969875
